<?xml version="1.0" encoding="UTF-8"?>
<project-private xmlns="http://www.netbeans.org/ns/project-private/1">
    <editor-bookmarks xmlns="http://www.netbeans.org/ns/editor-bookmarks/2" lastBookmarkId="0"/>
    <open-files xmlns="http://www.netbeans.org/ns/projectui-open-files/2">
        <group>
            <file>file:/C:/Users/ftt/Documents/NetBeansProjects/InfobeansMain%20(1)/InfobeansMain/ProjectMain-main/attendencePro/src/dao/BiometricDataDao.java</file>
            <file>file:/C:/Users/ftt/Documents/NetBeansProjects/InfobeansMain%20(1)/InfobeansMain/ProjectMain-main/attendencePro/src/frameJava/MainMenu.java</file>
            <file>file:/C:/Users/ftt/Documents/NetBeansProjects/InfobeansMain%20(1)/InfobeansMain/ProjectMain-main/attendencePro/src/attendencepro/TimeManager.java</file>
        </group>
    </open-files>
</project-private>
